{
  "project_info": {
    "project_number": "1075161816710",
    "firebase_url": "https://healthylife6-bd300.firebaseio.com",
    "project_id": "healthylife6-bd300",
    "storage_bucket": "healthylife6-bd300.appspot.com"
  },
  "client": [
    {
      "client_info": {
        "mobilesdk_app_id": "1:1075161816710:android:da0349913b59b4c02fbb07",
        "android_client_info": {
          "package_name": "com.example.healthylife6"
        }
      },
      "oauth_client": [
        {
          "client_id": "1075161816710-38u5m81fhq440m5ps901hp7hrtarn03a.apps.googleusercontent.com",
          "client_type": 1,
          "android_info": {
            "package_name": "com.example.healthylife6",
            "certificate_hash": "af74e606d4572637f459627f80258b75a2f5a136"
          }
        },
        {
          "client_id": "1075161816710-v2df3oms7msr27ci8jjhnler16ov9kj3.apps.googleusercontent.com",
          "client_type": 3
        }
      ],
      "api_key": [
        {
          "current_key": "AIzaSyC7LQpcsicjKcyVwiDC2WMPkAFoyk5ezyo"
        }
      ],
      "services": {
        "appinvite_service": {
          "other_platform_oauth_client": [
            {
              "client_id": "1075161816710-v2df3oms7msr27ci8jjhnler16ov9kj3.apps.googleusercontent.com",
              "client_type": 3
            }
          ]
        }
      }
    }
  ],
  "configuration_version": "1"
}